epoch,time,train/box_loss,train/cls_loss,train/dfl_loss,metrics/precision(B),metrics/recall(B),metrics/mAP50(B),metrics/mAP50-95(B),val/box_loss,val/cls_loss,val/dfl_loss,lr/pg0,lr/pg1,lr/pg2
1,5.45347,4.47474,6.532,4.29572,0,0,0,0,3.93521,20.7013,4.15933,5.716e-05,5.716e-05,5.716e-05
2,8.69971,4.49519,6.45885,4.25392,0,0,0,0,3.93897,20.7473,4.16061,0.000127973,0.000127973,0.000127973
3,10.9363,4.36047,5.96369,4.20818,0,0,0,0,3.93516,20.8248,4.16083,0.000198079,0.000198079,0.000198079
4,13.2741,4.16294,5.55952,4.12281,0,0,0,0,3.9318,20.7908,4.16329,0.000267478,0.000267478,0.000267478
5,15.5855,4.05324,5.0367,3.94586,0,0,0,0,3.92331,20.7207,4.16997,0.000336169,0.000336169,0.000336169
6,17.9331,3.64,4.20051,3.7279,0,0,0,0,3.90165,20.2654,4.17801,0.000404153,0.000404153,0.000404153
7,20.3895,3.6393,4.16909,3.54633,0,0,0,0,3.88797,19.7039,4.18684,0.00047143,0.00047143,0.00047143
8,22.6574,3.34126,3.54145,3.29512,0,0,0,0,3.86953,19.5595,4.19815,0.000537999,0.000537999,0.000537999
9,25.0318,3.35636,3.24949,3.08062,0,0,0,0,3.83949,19.3481,4.20978,0.000603861,0.000603861,0.000603861
10,27.1334,3.23703,2.84569,2.74539,0,0,0,0,3.82485,19.0933,4.2173,0.000669016,0.000669016,0.000669016
11,29.0112,3.1402,2.70918,2.55523,0,0,0,0,3.81377,19.2258,4.22083,0.000733463,0.000733463,0.000733463
12,31.2088,3.07213,2.53976,2.4795,0,0,0,0,3.7952,18.661,4.22498,0.000797203,0.000797203,0.000797203
13,33.4002,3.10306,2.31197,2.3245,0,0,0,0,3.79138,18.0476,4.22394,0.000860235,0.000860235,0.000860235
14,35.7111,2.96636,2.19862,2.22234,0,0,0,0,3.80589,17.181,4.21151,0.00092256,0.00092256,0.00092256
15,37.8871,2.9507,2.15144,2.21143,0,0,0,0,3.82616,16.5974,4.19804,0.000984178,0.000984178,0.000984178
16,40.1124,2.84701,2.04189,2.10385,0,0,0,0,3.77714,17.0888,4.21646,0.00104509,0.00104509,0.00104509
17,42.2887,2.9782,2.08977,2.0429,0,0,0,0,3.76783,16.8515,4.21235,0.00110529,0.00110529,0.00110529
18,44.507,2.83639,2.03841,1.93304,0,0,0,0,3.79106,15.9247,4.20096,0.00116479,0.00116479,0.00116479
19,46.5878,2.8149,1.90816,1.84707,0,0,0,0,3.81595,15.316,4.19032,0.00122358,0.00122358,0.00122358
20,48.881,2.77852,1.93605,1.79895,0,0,0,0,3.82648,15.4221,4.18134,0.00128166,0.00128166,0.00128166
21,50.9272,2.6315,1.7807,1.68249,0,0,0,0,3.81015,15.3667,4.18286,0.00128753,0.00128753,0.00128753
22,53.1837,2.57931,1.70176,1.60585,0,0,0,0,3.81102,14.6366,4.16408,0.00128046,0.00128046,0.00128046
23,55.2277,2.43677,1.65322,1.58494,0,0,0,0,3.77788,14.8588,4.17174,0.00127338,0.00127338,0.00127338
24,57.4496,2.4182,1.60352,1.58357,0.0001,0.00053,0.00033,0.00027,3.83848,13.1037,3.79221,0.00126631,0.00126631,0.00126631
25,59.6859,2.46838,1.63047,1.58073,0.0001,0.00053,0.00028,8e-05,3.8312,13.8561,3.9343,0.00125923,0.00125923,0.00125923
26,61.995,2.36985,1.54155,1.46109,0.83605,0.00792,0.00855,0.00175,4.37,4.92307,2.10973,0.00125216,0.00125216,0.00125216
27,64.1396,2.2814,1.45257,1.40828,0.79453,0.00475,0.00913,0.00179,4.44916,4.34261,1.9943,0.00124509,0.00124509,0.00124509
28,66.4337,2.24338,1.40427,1.38388,0.80768,0.01627,0.03468,0.00975,4.25476,3.62032,1.71996,0.00123801,0.00123801,0.00123801
29,68.4048,2.20518,1.38979,1.37345,0.76868,0.01796,0.03615,0.00959,4.34695,3.88054,1.79068,0.00123094,0.00123094,0.00123094
30,70.7026,2.2628,1.34971,1.36299,0.58043,0.02844,0.18019,0.0401,4.08279,3.27608,1.61898,0.00122387,0.00122387,0.00122387
31,72.7933,2.22197,1.35183,1.35327,0.71525,0.05153,0.28823,0.09336,3.90705,2.65843,1.47486,0.00121679,0.00121679,0.00121679
32,75.0248,2.09989,1.30676,1.3073,0.59366,0.11538,0.34126,0.1153,3.70688,2.76197,1.4958,0.00120972,0.00120972,0.00120972
33,77.1675,2.10301,1.3397,1.34537,0.77574,0.27009,0.40986,0.15309,3.52881,2.30996,1.36864,0.00120265,0.00120265,0.00120265
34,79.2433,2.10756,1.27032,1.31799,0.70383,0.32298,0.43148,0.19664,3.41546,2.2439,1.36451,0.00119557,0.00119557,0.00119557
35,81.3469,2.03916,1.24068,1.271,0.70089,0.36406,0.44833,0.24143,3.17938,2.12622,1.31697,0.0011885,0.0011885,0.0011885
36,83.6782,2.0364,1.2811,1.30102,0.72302,0.51219,0.51491,0.23224,3.13952,1.76876,1.23847,0.00118143,0.00118143,0.00118143
37,85.7484,1.9733,1.20951,1.23629,0.80141,0.5951,0.61549,0.30375,2.66733,1.53678,1.14242,0.00117435,0.00117435,0.00117435
38,87.7166,2.07934,1.23349,1.29293,0.71672,0.53079,0.52689,0.267,3.0972,1.60956,1.20079,0.00116728,0.00116728,0.00116728
39,89.878,1.96986,1.18874,1.25684,0.74185,0.61585,0.59266,0.3045,2.75294,1.37761,1.10995,0.00116021,0.00116021,0.00116021
40,92.0282,1.94523,1.16051,1.22618,0.76903,0.55379,0.56605,0.30194,2.90493,1.41703,1.1709,0.00115313,0.00115313,0.00115313
41,94.168,1.94901,1.16304,1.22335,0.73044,0.61781,0.63714,0.32765,2.62145,1.33466,1.11543,0.00114606,0.00114606,0.00114606
42,96.453,1.95072,1.14226,1.21375,0.73596,0.6472,0.6518,0.35474,2.57523,1.27288,1.08501,0.00113898,0.00113898,0.00113898
43,98.6366,1.88678,1.16745,1.21556,0.6965,0.60935,0.58141,0.27819,2.91407,1.37589,1.16496,0.00113191,0.00113191,0.00113191
44,100.697,1.9053,1.14855,1.20093,0.75679,0.66209,0.65194,0.34261,2.55159,1.25579,1.10045,0.00112484,0.00112484,0.00112484
45,102.815,1.79067,1.09068,1.20237,0.71132,0.57781,0.56213,0.27211,3.02174,1.35355,1.20627,0.00111776,0.00111776,0.00111776
46,104.891,1.80168,1.10308,1.18118,0.81809,0.68852,0.70148,0.37628,2.44017,1.19048,1.06338,0.00111069,0.00111069,0.00111069
47,107.094,1.85736,1.11928,1.21179,0.77353,0.66597,0.67203,0.31313,2.57984,1.26765,1.06316,0.00110362,0.00110362,0.00110362
48,109.377,1.81954,1.08424,1.17206,0.81761,0.66924,0.72394,0.38532,2.40162,1.1657,1.06233,0.00109654,0.00109654,0.00109654
49,111.54,1.80761,1.06616,1.20716,0.81625,0.68175,0.71671,0.35526,2.55218,1.17321,1.07994,0.00108947,0.00108947,0.00108947
50,113.814,1.7654,1.05519,1.16402,0.79503,0.70368,0.71838,0.26494,2.56998,1.22508,1.08683,0.0010824,0.0010824,0.0010824
51,116.086,1.73623,1.04014,1.15225,0.84197,0.68098,0.68902,0.32521,2.55323,1.19736,1.07337,0.00107532,0.00107532,0.00107532
52,118.288,1.774,1.01226,1.12781,0.83809,0.69622,0.71232,0.31906,2.57527,1.18922,1.05993,0.00106825,0.00106825,0.00106825
53,120.588,1.74349,1.00138,1.13446,0.79733,0.68452,0.69621,0.33141,2.5052,1.17278,1.04552,0.00106118,0.00106118,0.00106118
54,122.681,1.74995,1.01411,1.15767,0.821,0.7115,0.71997,0.33333,2.57343,1.15717,1.08282,0.0010541,0.0010541,0.0010541
55,125.057,1.73196,1.01662,1.14632,0.82558,0.70617,0.71726,0.36657,2.50374,1.13092,1.06227,0.00104703,0.00104703,0.00104703
56,127.344,1.72294,1.00497,1.14279,0.79971,0.66051,0.65072,0.20629,3.01256,1.23142,1.17117,0.00103995,0.00103995,0.00103995
57,129.527,1.84083,1.01585,1.16453,0.80349,0.71791,0.75034,0.38002,2.33987,1.16812,1.05068,0.00103288,0.00103288,0.00103288
58,131.638,1.76517,1.0435,1.16804,0.77122,0.68412,0.64747,0.25927,2.92582,1.21321,1.12547,0.00102581,0.00102581,0.00102581
59,133.821,1.76281,1.01544,1.15827,0.83463,0.68803,0.69296,0.29706,2.69537,1.14379,1.09775,0.00101873,0.00101873,0.00101873
60,136.071,1.72767,0.98823,1.14458,0.82303,0.72488,0.75535,0.35861,2.34452,1.13693,1.03688,0.00101166,0.00101166,0.00101166
61,138.229,1.68513,0.97977,1.12411,0.78988,0.71514,0.70602,0.27869,2.61567,1.16308,1.07402,0.00100459,0.00100459,0.00100459
62,140.429,1.68031,0.94456,1.09623,0.80765,0.73612,0.76204,0.34739,2.50314,1.17249,1.07028,0.000997513,0.000997513,0.000997513
63,142.555,1.61076,0.94644,1.13318,0.81405,0.71623,0.73386,0.35418,2.51826,1.13398,1.05857,0.00099044,0.00099044,0.00099044
64,144.938,1.68672,0.97329,1.11222,0.81762,0.73657,0.76628,0.38763,2.3677,1.11361,1.04688,0.000983366,0.000983366,0.000983366
65,147.245,1.6496,0.96536,1.11284,0.83575,0.7368,0.75165,0.30796,2.6281,1.1317,1.08391,0.000976293,0.000976293,0.000976293
66,149.503,1.64436,0.90987,1.08786,0.82603,0.74448,0.75996,0.35865,2.40242,1.11951,1.05706,0.000969219,0.000969219,0.000969219
67,151.608,1.62224,0.93631,1.09507,0.82702,0.74111,0.75145,0.29837,2.5955,1.14406,1.08923,0.000962146,0.000962146,0.000962146
68,153.907,1.60224,0.90472,1.10698,0.82123,0.69651,0.69957,0.30047,2.68874,1.14022,1.09374,0.000955072,0.000955072,0.000955072
69,155.929,1.57822,0.88465,1.07909,0.82293,0.73618,0.75909,0.36144,2.36851,1.09837,1.05604,0.000947999,0.000947999,0.000947999
70,157.967,1.57795,0.88986,1.08378,0.77812,0.70872,0.69301,0.29764,2.74793,1.14742,1.08824,0.000940925,0.000940925,0.000940925
71,159.887,1.59055,0.90644,1.11099,0.79229,0.69167,0.6898,0.31144,2.70129,1.13264,1.08216,0.000933851,0.000933851,0.000933851
72,162.191,1.55853,0.91002,1.07959,0.82084,0.73288,0.74473,0.31289,2.57242,1.11573,1.08869,0.000926778,0.000926778,0.000926778
73,164.369,1.58134,0.88819,1.0878,0.83771,0.73605,0.75312,0.35395,2.50314,1.1003,1.0607,0.000919704,0.000919704,0.000919704
74,166.377,1.56336,0.89182,1.11438,0.80872,0.66671,0.67339,0.25828,2.88747,1.20202,1.13254,0.000912631,0.000912631,0.000912631
75,168.439,1.56259,0.87511,1.0681,0.86865,0.73665,0.76522,0.34626,2.51777,1.08342,1.09107,0.000905557,0.000905557,0.000905557
76,170.726,1.54307,0.90509,1.08755,0.82347,0.72335,0.72902,0.26745,2.74895,1.1388,1.13183,0.000898484,0.000898484,0.000898484
77,172.824,1.55937,0.87508,1.08622,0.81391,0.72857,0.74778,0.33607,2.50744,1.0814,1.07543,0.00089141,0.00089141,0.00089141
78,174.976,1.53073,0.86768,1.09065,0.84948,0.72891,0.77067,0.3633,2.46196,1.06945,1.07133,0.000884337,0.000884337,0.000884337
79,177.07,1.56485,0.86881,1.05926,0.82668,0.73888,0.75913,0.38056,2.44731,1.03592,1.05091,0.000877263,0.000877263,0.000877263
80,179.17,1.55379,0.85904,1.05936,0.85419,0.73318,0.76529,0.37721,2.39681,1.02905,1.03276,0.00087019,0.00087019,0.00087019
81,181.329,1.53946,0.85848,1.06492,0.82007,0.75767,0.77111,0.39666,2.25775,1.00446,1.01373,0.000863116,0.000863116,0.000863116
82,183.75,1.5457,0.84258,1.06125,0.83058,0.73887,0.75004,0.3261,2.56153,1.1257,1.04937,0.000856042,0.000856042,0.000856042
83,185.862,1.47743,0.85781,1.06574,0.85762,0.75664,0.78441,0.41825,2.23964,0.99798,1.00625,0.000848969,0.000848969,0.000848969
84,188.121,1.53397,0.8414,1.07025,0.84431,0.74541,0.77737,0.3754,2.25971,1.01574,0.99984,0.000841895,0.000841895,0.000841895
85,190.487,1.50101,0.81627,1.04949,0.85216,0.74966,0.77798,0.39248,2.28282,1.01044,1.01713,0.000834822,0.000834822,0.000834822
86,192.646,1.54322,0.82407,1.03603,0.85841,0.74088,0.76678,0.36326,2.3725,1.0174,1.03904,0.000827748,0.000827748,0.000827748
87,194.796,1.53224,0.84513,1.05435,0.79959,0.74728,0.74634,0.32851,2.47719,1.04497,1.03608,0.000820675,0.000820675,0.000820675
88,196.983,1.46106,0.83107,1.0448,0.81738,0.7076,0.69654,0.31562,2.7115,1.14183,1.08711,0.000813601,0.000813601,0.000813601
89,199.116,1.47098,0.82526,1.04455,0.87113,0.75529,0.77077,0.39474,2.33673,1.02582,1.02085,0.000806528,0.000806528,0.000806528
90,201.25,1.49029,0.84087,1.05344,0.81268,0.72521,0.72015,0.29656,2.57178,1.04693,1.05864,0.000799454,0.000799454,0.000799454
91,203.35,1.5122,0.80571,1.02888,0.85195,0.73731,0.74695,0.38015,2.43554,1.02225,1.05323,0.00079238,0.00079238,0.00079238
92,205.512,1.45704,0.82016,1.04312,0.82792,0.74789,0.7465,0.34729,2.53539,1.1154,1.07398,0.000785307,0.000785307,0.000785307
93,207.632,1.48236,0.83267,1.05411,0.80703,0.72284,0.70384,0.30253,2.58684,1.09436,1.06657,0.000778233,0.000778233,0.000778233
94,209.771,1.4306,0.81987,1.05565,0.85249,0.76647,0.77619,0.36107,2.4118,1.03796,1.05938,0.00077116,0.00077116,0.00077116
95,211.966,1.50806,0.82515,1.06308,0.8674,0.71915,0.73831,0.35196,2.49454,1.0875,1.05601,0.000764086,0.000764086,0.000764086
96,213.987,1.5018,0.81361,1.02204,0.82152,0.73236,0.73269,0.31471,2.56785,1.1075,1.06818,0.000757013,0.000757013,0.000757013
97,216.181,1.44746,0.81169,1.04201,0.85825,0.73765,0.77588,0.36648,2.34788,1.01732,1.03145,0.000749939,0.000749939,0.000749939
98,218.309,1.4772,0.81475,1.0495,0.82394,0.76872,0.78899,0.391,2.18519,0.98652,0.98687,0.000742866,0.000742866,0.000742866
99,220.428,1.47774,0.79928,1.05383,0.82863,0.76342,0.76901,0.33862,2.45309,1.05568,1.04581,0.000735792,0.000735792,0.000735792
100,222.606,1.41188,0.78889,1.03231,0.82679,0.76146,0.76518,0.36638,2.38136,1.02689,1.01226,0.000728719,0.000728719,0.000728719
101,224.629,1.44753,0.79227,1.03196,0.83372,0.77225,0.78634,0.37243,2.30015,1.00409,1.01671,0.000721645,0.000721645,0.000721645
102,226.841,1.41637,0.78839,1.05482,0.83967,0.75047,0.76211,0.34815,2.44973,1.04078,1.02927,0.000714571,0.000714571,0.000714571
103,229.005,1.40373,0.77294,1.02887,0.83822,0.76985,0.78118,0.39105,2.34056,1.01166,1.01379,0.000707498,0.000707498,0.000707498
104,231.287,1.38907,0.77863,1.01498,0.8456,0.7427,0.78139,0.39515,2.21765,0.99379,0.99684,0.000700424,0.000700424,0.000700424
105,233.137,1.4203,0.78556,1.01117,0.8758,0.71885,0.75287,0.36259,2.438,1.07236,1.03022,0.000693351,0.000693351,0.000693351
106,235.179,1.40661,0.78856,1.01603,0.81881,0.76482,0.76575,0.40548,2.30972,0.99196,1.02077,0.000686277,0.000686277,0.000686277
107,237.348,1.4116,0.77581,1.01844,0.81775,0.7436,0.75376,0.3348,2.50827,1.05781,1.05546,0.000679204,0.000679204,0.000679204
108,239.632,1.35193,0.75582,1.01413,0.82701,0.74747,0.75999,0.3633,2.39603,1.03338,1.04104,0.00067213,0.00067213,0.00067213
109,241.823,1.39661,0.76645,1.01074,0.82594,0.72174,0.73409,0.33038,2.54145,1.05084,1.05019,0.000665057,0.000665057,0.000665057
110,244.14,1.43751,0.80254,1.03266,0.82406,0.7476,0.77716,0.38412,2.20232,0.98426,0.98031,0.000657983,0.000657983,0.000657983
111,246.265,1.34828,0.77473,1.02027,0.79238,0.74998,0.72836,0.30418,2.56603,1.05221,1.0481,0.000650909,0.000650909,0.000650909
112,248.411,1.4326,0.77432,1.02829,0.83613,0.76682,0.77563,0.37725,2.35798,1.00334,1.02403,0.000643836,0.000643836,0.000643836
113,250.645,1.40102,0.77539,1.01268,0.81445,0.77566,0.77755,0.35835,2.32215,0.99075,0.99749,0.000636762,0.000636762,0.000636762
114,252.754,1.3687,0.76901,1.02081,0.8185,0.77407,0.7711,0.35483,2.32833,1.00368,1.01142,0.000629689,0.000629689,0.000629689
115,255.267,1.34867,0.75619,1.00714,0.80738,0.7626,0.75672,0.34459,2.45763,1.0533,1.05225,0.000622615,0.000622615,0.000622615
116,257.54,1.37765,0.73309,0.9961,0.85147,0.76157,0.78028,0.42612,2.19186,0.97783,0.98707,0.000615542,0.000615542,0.000615542
117,259.632,1.38297,0.76505,1.01094,0.84241,0.73187,0.75069,0.37599,2.40305,1.05697,1.02356,0.000608468,0.000608468,0.000608468
118,261.832,1.36957,0.7628,1.02365,0.82396,0.7614,0.76739,0.37227,2.2769,0.96506,1.00066,0.000601395,0.000601395,0.000601395
119,264.019,1.33799,0.74687,1.01051,0.85839,0.7545,0.77876,0.36931,2.36255,1.04274,1.0413,0.000594321,0.000594321,0.000594321
120,266.251,1.35286,0.75724,1.01553,0.8304,0.76379,0.76544,0.38027,2.30622,1.02415,1.0016,0.000587248,0.000587248,0.000587248
121,268.368,1.36604,0.7615,1.0138,0.82229,0.77341,0.77634,0.34849,2.32817,1.00906,1.01693,0.000580174,0.000580174,0.000580174
122,270.49,1.34782,0.74082,1.01115,0.80369,0.7384,0.725,0.30469,2.54868,1.04542,1.05914,0.0005731,0.0005731,0.0005731
123,272.535,1.35039,0.75435,1.01349,0.82078,0.76325,0.7685,0.38162,2.31117,1.00973,1.01405,0.000566027,0.000566027,0.000566027
124,274.741,1.34844,0.74496,0.99533,0.7951,0.70434,0.71298,0.34452,2.48418,1.108,1.03283,0.000558953,0.000558953,0.000558953
125,276.762,1.31002,0.72661,1.01362,0.83791,0.73734,0.75073,0.36124,2.40203,1.03547,1.02181,0.00055188,0.00055188,0.00055188
126,278.949,1.34097,0.73638,0.99608,0.81584,0.78633,0.78094,0.4151,2.19002,0.94273,0.99468,0.000544806,0.000544806,0.000544806
127,281.215,1.30714,0.73615,0.99597,0.84476,0.73719,0.73729,0.37177,2.37591,0.9914,1.0115,0.000537733,0.000537733,0.000537733
128,283.47,1.33163,0.73821,0.99412,0.89013,0.75955,0.79084,0.41731,2.18604,0.97087,1.01016,0.000530659,0.000530659,0.000530659
129,285.667,1.31926,0.74507,1.00698,0.83843,0.77415,0.78438,0.43975,2.12699,0.94381,0.98927,0.000523586,0.000523586,0.000523586
130,287.856,1.30547,0.72295,0.99501,0.85076,0.74715,0.76417,0.35637,2.39373,0.99888,1.02513,0.000516512,0.000516512,0.000516512
131,289.918,1.3742,0.74416,0.99445,0.85274,0.75764,0.78532,0.43598,2.06871,0.91355,0.97381,0.000509438,0.000509438,0.000509438
132,292.27,1.33058,0.72181,0.96452,0.86241,0.74367,0.76809,0.37623,2.32031,0.98621,1.01398,0.000502365,0.000502365,0.000502365
133,294.334,1.32189,0.72445,0.98735,0.8157,0.78584,0.78193,0.40384,2.175,0.94978,0.98365,0.000495291,0.000495291,0.000495291
134,296.638,1.3132,0.71218,0.99838,0.81968,0.76386,0.75861,0.39131,2.31719,1.00709,1.00108,0.000488218,0.000488218,0.000488218
135,298.904,1.25929,0.70587,1.00269,0.81303,0.78925,0.78759,0.43645,2.10875,0.93678,0.97564,0.000481144,0.000481144,0.000481144
136,300.963,1.31952,0.71418,0.97781,0.85625,0.75042,0.78356,0.41177,2.19138,0.95653,0.97854,0.000474071,0.000474071,0.000474071
137,302.961,1.30298,0.72196,1.00235,0.84437,0.74036,0.7659,0.35303,2.41614,1.00636,1.02241,0.000466997,0.000466997,0.000466997
138,305.175,1.35709,0.71765,1.0033,0.8282,0.76344,0.78239,0.44001,2.07832,0.91994,0.9797,0.000459924,0.000459924,0.000459924
139,307.405,1.30235,0.72737,0.991,0.82126,0.76339,0.77467,0.40854,2.25193,0.96741,1.00117,0.00045285,0.00045285,0.00045285
140,309.458,1.32412,0.70436,0.97026,0.79593,0.7935,0.77608,0.41343,2.22718,0.96221,0.99863,0.000445777,0.000445777,0.000445777
141,311.65,1.28394,0.69797,0.99157,0.81445,0.78101,0.78562,0.45444,2.08051,0.91918,0.98134,0.000438703,0.000438703,0.000438703
142,313.874,1.31309,0.72593,1.01461,0.85339,0.73191,0.75905,0.36169,2.34692,0.98026,1.0199,0.000431629,0.000431629,0.000431629
143,316.073,1.33072,0.73517,1.00554,0.84378,0.7218,0.74541,0.35306,2.34878,0.97514,1.01276,0.000424556,0.000424556,0.000424556
144,318.283,1.29575,0.70709,0.98353,0.83309,0.78484,0.79236,0.40763,2.2437,0.9734,1.01616,0.000417482,0.000417482,0.000417482
145,320.468,1.28521,0.7105,1.00883,0.81147,0.75486,0.75313,0.35888,2.41926,1.02102,1.02702,0.000410409,0.000410409,0.000410409
146,322.641,1.30667,0.70518,1.00332,0.84656,0.73844,0.76771,0.38975,2.18837,0.95084,0.98324,0.000403335,0.000403335,0.000403335
147,324.819,1.28474,0.70951,0.9971,0.85715,0.7507,0.7846,0.38951,2.24592,0.96426,1.00457,0.000396262,0.000396262,0.000396262
148,326.931,1.28422,0.70883,0.99784,0.82726,0.76212,0.76798,0.40942,2.20411,0.93882,0.99758,0.000389188,0.000389188,0.000389188
149,329.16,1.26682,0.68952,0.96882,0.79204,0.76844,0.76277,0.39262,2.24038,0.95835,0.99006,0.000382115,0.000382115,0.000382115
150,331.347,1.27535,0.70152,0.97685,0.81246,0.7935,0.79859,0.40559,2.18952,0.97126,0.99243,0.000375041,0.000375041,0.000375041
151,333.56,1.23255,0.70918,0.97069,0.82807,0.77953,0.79106,0.43559,2.09807,0.92356,0.97667,0.000367967,0.000367967,0.000367967
152,335.764,1.24542,0.67377,0.98053,0.81211,0.79728,0.77711,0.39322,2.28295,0.93147,1.00558,0.000360894,0.000360894,0.000360894
153,337.811,1.26517,0.70057,0.98731,0.82695,0.77928,0.78157,0.41452,2.21778,0.92698,0.99309,0.00035382,0.00035382,0.00035382
154,340.052,1.22965,0.67994,0.98762,0.84846,0.76603,0.77744,0.39084,2.21722,0.98733,0.99521,0.000346747,0.000346747,0.000346747
155,342.1,1.28588,0.68615,0.97029,0.83156,0.78722,0.79099,0.41629,2.08004,0.95232,0.97442,0.000339673,0.000339673,0.000339673
156,344.201,1.26135,0.68848,0.98562,0.81014,0.78207,0.78075,0.4192,2.14307,0.97382,0.97107,0.0003326,0.0003326,0.0003326
157,346.155,1.23523,0.69659,0.98954,0.81353,0.75061,0.75518,0.38461,2.30781,1.01295,0.99497,0.000325526,0.000325526,0.000325526
158,348.242,1.27057,0.69061,0.97627,0.84786,0.74571,0.78354,0.39765,2.11441,0.93692,0.97025,0.000318453,0.000318453,0.000318453
159,350.419,1.28751,0.69039,0.9796,0.85051,0.77434,0.80467,0.43742,1.99263,0.88446,0.96101,0.000311379,0.000311379,0.000311379
160,352.743,1.26295,0.69507,0.99032,0.80297,0.76924,0.76064,0.37701,2.37317,1.00461,1.01205,0.000304306,0.000304306,0.000304306
161,354.919,1.31272,0.69426,0.99457,0.81479,0.71802,0.72498,0.3526,2.53104,1.04245,1.03191,0.000297232,0.000297232,0.000297232
162,357.219,1.30286,0.68839,0.98365,0.82584,0.78782,0.79244,0.4542,2.07153,0.90687,0.96863,0.000290158,0.000290158,0.000290158
163,359.452,1.30612,0.69922,0.99495,0.82857,0.78804,0.80161,0.46454,2.02926,0.9016,0.97798,0.000283085,0.000283085,0.000283085
164,361.782,1.25676,0.68095,0.96865,0.82108,0.79083,0.79017,0.442,2.07712,0.91598,0.96663,0.000276011,0.000276011,0.000276011
165,363.871,1.22183,0.67578,0.96323,0.82441,0.78003,0.78605,0.43009,2.14964,0.92911,0.97578,0.000268938,0.000268938,0.000268938
166,366.114,1.23834,0.68833,0.98075,0.85101,0.77074,0.78906,0.43283,2.1324,0.9199,0.97395,0.000261864,0.000261864,0.000261864
167,368.323,1.22696,0.6894,0.995,0.85437,0.77404,0.79308,0.43528,2.10035,0.91572,0.97659,0.000254791,0.000254791,0.000254791
168,370.51,1.29287,0.69873,0.98563,0.89457,0.7261,0.78559,0.44701,2.03588,0.90056,0.96025,0.000247717,0.000247717,0.000247717
169,372.765,1.22609,0.66274,0.98474,0.89453,0.72451,0.78262,0.43345,2.06126,0.91023,0.96096,0.000240644,0.000240644,0.000240644
170,374.985,1.23198,0.68264,0.98445,0.83292,0.73953,0.75536,0.37408,2.33549,0.97884,1.00082,0.00023357,0.00023357,0.00023357
171,377.086,1.21881,0.68085,0.97803,0.82859,0.73494,0.75175,0.38647,2.28945,0.96965,0.99998,0.000226497,0.000226497,0.000226497
172,379.351,1.25685,0.67166,0.95677,0.88381,0.73722,0.79707,0.43958,2.00883,0.89649,0.96094,0.000219423,0.000219423,0.000219423
173,381.539,1.27111,0.68126,0.97043,0.88654,0.73552,0.79202,0.42698,2.08469,0.9476,0.9697,0.000212349,0.000212349,0.000212349
174,383.801,1.17999,0.65822,0.96738,0.87842,0.71456,0.76572,0.38966,2.2639,0.99185,0.99144,0.000205276,0.000205276,0.000205276
175,386.054,1.23561,0.67471,0.97877,0.8146,0.76602,0.76791,0.41152,2.15643,0.93719,0.97595,0.000198202,0.000198202,0.000198202
176,388.237,1.23447,0.66697,0.96827,0.82673,0.79309,0.80481,0.46719,1.95229,0.88144,0.95562,0.000191129,0.000191129,0.000191129
177,390.491,1.24055,0.67108,0.96707,0.85268,0.76918,0.80655,0.47154,1.9679,0.88027,0.9602,0.000184055,0.000184055,0.000184055
178,392.831,1.22914,0.65712,0.97106,0.82615,0.77099,0.78416,0.43175,2.12839,0.92984,0.97605,0.000176982,0.000176982,0.000176982
179,394.946,1.22602,0.67526,0.98081,0.8035,0.78473,0.78355,0.43327,2.10416,0.92687,0.96784,0.000169908,0.000169908,0.000169908
180,397.025,1.19694,0.65691,0.96754,0.83617,0.79465,0.8028,0.44661,2.06127,0.9099,0.97032,0.000162835,0.000162835,0.000162835
181,399.197,1.23893,0.68179,0.95042,0.8376,0.7932,0.79836,0.43618,2.08502,0.90957,0.97429,0.000155761,0.000155761,0.000155761
182,401.379,1.17731,0.65971,0.98129,0.82641,0.77294,0.76987,0.3738,2.31623,0.97323,1.00439,0.000148687,0.000148687,0.000148687
183,403.568,1.23756,0.6722,0.9572,0.81763,0.77407,0.77316,0.36347,2.34656,0.98154,1.00991,0.000141614,0.000141614,0.000141614
184,405.664,1.21444,0.66291,0.95923,0.8253,0.78606,0.79514,0.4318,2.09655,0.91314,0.97363,0.00013454,0.00013454,0.00013454
185,407.86,1.19996,0.6485,0.96404,0.81911,0.78754,0.79293,0.44053,2.06633,0.90556,0.96334,0.000127467,0.000127467,0.000127467
186,410.223,1.19445,0.6495,0.9662,0.83134,0.75816,0.77865,0.40613,2.20739,0.95165,0.97128,0.000120393,0.000120393,0.000120393
187,412.377,1.17181,0.65142,0.96425,0.87915,0.71804,0.7714,0.40288,2.22469,0.95709,0.97454,0.00011332,0.00011332,0.00011332
188,414.596,1.21791,0.64749,0.95705,0.85514,0.76492,0.79171,0.44746,2.03312,0.90396,0.95902,0.000106246,0.000106246,0.000106246
189,416.608,1.20199,0.66074,0.95004,0.85928,0.78083,0.80699,0.46825,1.95461,0.88443,0.95563,9.91726e-05,9.91726e-05,9.91726e-05
190,418.646,1.16575,0.64742,0.97077,0.85128,0.77355,0.79945,0.44994,2.03444,0.90551,0.96595,9.20991e-05,9.20991e-05,9.20991e-05
191,425.197,1.1906,0.68902,0.96913,0.82963,0.7846,0.79521,0.43308,2.09136,0.91462,0.96908,8.50255e-05,8.50255e-05,8.50255e-05
192,427.521,1.12951,0.65346,0.96045,0.81541,0.77716,0.78127,0.42256,2.10558,0.90386,0.96254,7.7952e-05,7.7952e-05,7.7952e-05
193,429.492,1.13544,0.66359,0.9504,0.80441,0.77596,0.77255,0.40877,2.16824,0.92218,0.96926,7.08784e-05,7.08784e-05,7.08784e-05
194,431.655,1.15712,0.64943,0.95442,0.79723,0.77173,0.76636,0.38325,2.26116,0.94942,0.98702,6.38049e-05,6.38049e-05,6.38049e-05
195,433.65,1.12717,0.64094,0.94418,0.80187,0.77003,0.77151,0.38515,2.24623,0.94557,0.99162,5.67313e-05,5.67313e-05,5.67313e-05
196,435.878,1.14022,0.64442,0.95193,0.81125,0.78441,0.78647,0.41434,2.13303,0.91775,0.97721,4.96578e-05,4.96578e-05,4.96578e-05
197,438.08,1.08994,0.63523,0.94214,0.80721,0.78766,0.78866,0.42476,2.08713,0.90291,0.97321,4.25842e-05,4.25842e-05,4.25842e-05
198,440.374,1.09653,0.6482,0.94793,0.83474,0.76171,0.78281,0.42593,2.10056,0.90589,0.9748,3.55107e-05,3.55107e-05,3.55107e-05
199,442.482,1.09349,0.63396,0.94375,0.82852,0.75902,0.7783,0.41778,2.15173,0.91915,0.9802,2.84371e-05,2.84371e-05,2.84371e-05
200,444.585,1.06667,0.622,0.94821,0.82701,0.75869,0.77384,0.41081,2.18955,0.93357,0.98492,2.13636e-05,2.13636e-05,2.13636e-05
